Time,Llandrinio,Llanymynech,Abermule,Crewgreen,Meifod,Caersws,
2020-02-20 22:11:14,5.688,4.01,2.12,5.658,2.09,2.153,
2020-02-20 22:26:16,5.688,4.008,2.099,5.666,2.057,2.142,
2020-02-20 22:41:20,5.688,4.008,2.086,5.666,2.057,2.142,
2020-02-20 22:56:23,5.692,4.001,2.07,5.666,2.032,2.131,
2020-02-20 23:11:26,5.692,4.001,2.059,5.666,2.032,2.131,
2020-02-20 23:26:28,5.703,3.99,2.045,5.666,2.004,2.117,
2020-02-20 23:41:31,5.703,3.99,2.028,5.673,2.004,2.117,
2020-02-20 23:56:36,5.703,3.99,2.019,5.673,2.004,2.117,
2020-02-21 00:11:39,5.703,3.956,1.998,5.673,1.958,2.117,
2020-02-21 00:26:43,5.715,3.956,1.998,5.673,1.958,2.093,
2020-02-21 00:41:46,5.715,3.956,1.998,5.677,1.958,2.093,
2020-02-21 00:56:48,5.715,3.956,1.998,5.677,1.958,2.093,
2020-02-21 01:11:51,5.715,3.956,1.998,5.677,1.958,2.074,
2020-02-21 01:26:55,5.738,3.904,1.953,5.681,1.92,2.074,
2020-02-21 01:41:57,5.738,3.904,1.953,5.681,1.92,2.074,
2020-02-21 01:57:00,5.738,3.904,1.953,5.681,1.92,2.074,
2020-02-21 02:12:02,5.753,3.904,1.953,5.681,1.92,2.074,
2020-02-21 02:27:05,5.753,3.834,1.919,5.695,1.887,2.056,
2020-02-21 02:42:08,5.753,3.834,1.919,5.695,1.887,2.056,
2020-02-21 07:52:07,5.821,3.42,1.787,5.718,1.735,1.974,
2020-02-21 07:53:35,5.821,3.42,1.787,5.718,1.735,1.974,
2020-02-21 08:08:38,5.821,3.352,1.767,5.718,1.723,1.974,
2020-02-21 08:23:41,5.825,3.352,1.767,5.72,1.723,1.96,
2020-02-21 08:38:43,5.825,3.352,1.767,5.72,1.723,1.96,
2020-02-21 08:53:47,5.825,3.352,1.767,5.72,1.723,1.96,
2020-02-21 09:08:50,5.825,3.352,1.767,5.72,1.723,1.945,
2020-02-21 09:17:41,5.825,3.284,1.745,5.72,1.7,1.945,
2020-02-21 10:05:03,5.837,3.284,1.745,5.72,1.7,1.945,
2020-02-21 10:20:06,5.843,3.222,1.726,5.72,1.678,1.932,
2020-02-21 10:35:08,5.843,3.222,1.726,5.718,1.678,1.932,
2020-02-21 10:50:11,5.843,3.222,1.726,5.718,1.678,1.932,
2020-02-21 11:05:13,5.846,3.175,1.71,5.718,1.668,1.923,
2020-02-21 11:20:16,5.846,3.16,1.71,5.718,1.663,1.919,
2020-02-21 11:35:20,5.846,3.16,1.717,5.711,1.663,1.919,
2020-02-21 11:50:22,5.846,3.16,1.717,5.711,1.663,1.919,
2020-02-21 12:05:26,5.848,3.16,1.699,5.711,1.663,1.919,
2020-02-21 12:09:25,5.848,3.11,1.7,5.711,1.643,1.909,
2020-02-21 12:24:31,5.847,3.11,1.7,5.714,1.643,1.907,
2020-02-21 12:39:34,5.847,3.11,1.7,5.714,1.643,1.907,
2020-02-21 12:56:38,5.847,3.11,1.7,5.714,1.643,1.897,
2020-02-21 13:11:41,5.847,3.074,1.682,5.714,1.643,1.893,
2020-02-21 13:26:44,5.842,3.066,1.679,5.698,1.624,1.893,
2020-02-21 13:41:47,5.842,3.066,1.679,5.698,1.624,1.893,
2020-02-21 13:56:50,5.841,3.066,1.679,5.698,1.624,1.893,
2020-02-21 14:11:53,5.837,3.035,1.665,5.698,1.613,1.885,
2020-02-21 14:26:58,5.837,3.025,1.663,5.69,1.609,1.881,
2020-02-21 14:42:00,5.837,3.025,1.663,5.69,1.609,1.881,
2020-02-21 14:57:04,5.837,3.007,1.663,5.69,1.609,1.881,
2020-02-21 15:12:07,5.83,2.998,1.654,5.69,1.601,1.871,
2020-02-21 15:27:10,5.833,2.988,5.833,2.988,1.647,5.679,
2020-02-21 15:43:19,5.833,2.978,1.647,5.679,1.6,1.869,
2020-02-21 15:58:23,5.833,2.97,1.647,5.679,1.6,1.869,
2020-02-21 16:13:27,5.828,2.951,1.635,5.672,1.592,1.863,
2020-02-21 16:15:10,5.828,2.951,1.635,5.672,1.592,1.863,
2020-02-21 17:00:19,5.824,2.928,1.624,5.672,1.592,1.856,
2020-02-21 17:15:24,5.818,2.918,1.615,5.672,1.59,1.855,
2020-02-21 17:30:27,5.813,2.918,1.615,5.662,1.59,1.855,
2020-02-21 17:45:30,5.813,2.918,1.615,5.662,1.59,1.855,
2020-02-21 18:00:32,5.804,2.898,1.615,5.662,1.606,1.851,
2020-02-21 18:15:36,5.799,2.898,1.607,5.662,1.606,1.852,
2020-02-21 18:30:39,5.799,2.89,1.604,5.659,1.612,1.852,
2020-02-21 18:45:41,5.799,2.89,1.604,5.659,1.612,1.852,
2020-02-21 19:00:45,5.792,2.89,1.604,5.659,1.612,1.852,
2020-02-21 19:15:48,5.789,2.87,1.591,5.659,1.63,1.847,
2020-02-21 19:30:51,5.789,2.864,1.59,5.641,1.63,1.845,
2020-02-21 19:45:54,5.789,2.864,1.59,5.641,1.63,1.845,
2020-02-21 20:00:57,5.789,2.864,1.59,5.641,1.63,1.845,
2020-02-21 20:16:00,5.78,2.851,1.577,5.637,1.7,1.842,
2020-02-21 20:31:05,5.775,2.848,1.577,5.637,1.7,1.84,
2020-02-21 20:46:08,5.775,2.848,1.577,5.632,1.7,1.84,
2020-02-21 21:01:10,5.775,2.838,1.574,5.632,1.719,1.84,
2020-02-21 21:16:13,5.762,2.838,1.569,5.632,1.714,1.839,
2020-02-21 21:31:15,5.754,2.835,1.569,5.623,1.712,1.839,
2020-02-21 21:46:19,5.754,2.835,1.569,5.623,1.712,1.839,
2020-02-21 22:01:21,5.754,2.835,1.569,5.623,1.713,1.839,
2020-02-21 22:16:24,5.738,2.835,1.562,5.623,1.713,1.839,
2020-02-21 22:31:27,5.738,2.838,1.564,5.609,1.711,1.839,
2020-02-21 22:46:31,5.734,2.841,1.562,5.609,1.705,1.839,
2020-02-21 23:01:35,5.722,2.841,1.562,5.609,1.705,1.839,
2020-02-21 23:16:39,5.722,2.851,1.561,5.609,1.705,1.844,
2020-02-21 23:31:43,5.714,2.855,1.557,5.596,1.716,1.847,
2020-02-21 23:46:46,5.714,2.865,1.56,5.596,1.727,1.854,
2020-02-22 00:01:48,5.714,2.865,1.56,5.596,1.727,1.854,
2020-02-22 00:16:51,5.705,2.902,1.561,5.596,1.775,1.881,
2020-02-22 00:31:54,5.7,2.902,1.567,5.596,1.808,1.912,
2020-02-22 00:46:56,5.693,2.902,1.567,5.584,1.86,1.961,
2020-02-22 01:01:59,5.693,2.944,1.569,5.584,1.938,1.961,
2020-02-22 01:17:03,5.685,2.965,1.579,5.584,2.071,2.206,
2020-02-22 01:32:06,5.678,2.985,1.583,5.58,2.249,2.304,
2020-02-22 01:47:08,5.678,3.006,1.594,5.58,2.439,2.304,
2020-02-22 02:02:11,5.671,3.036,1.616,5.58,2.614,2.528,
2020-02-22 02:18:19,5.664,3.064,1.635,5.58,2.755,2.614,
2020-02-22 02:33:22,5.657,3.108,1.664,5.567,2.88,2.694,
2020-02-22 02:48:25,5.652,3.154,1.702,5.567,2.985,2.763,
2020-02-22 03:03:28,5.648,3.203,1.83,5.567,3.074,2.823,
2020-02-22 03:18:31,5.644,3.262,1.83,5.567,3.155,2.88,
2020-02-22 03:33:34,5.637,3.262,1.83,5.561,3.155,2.92,
2020-02-22 03:48:39,5.639,3.33,1.93,5.561,3.222,2.962,
2020-02-22 04:03:42,5.632,3.401,2.037,5.561,3.264,2.962,
2020-02-22 04:18:45,5.633,3.553,2.271,5.561,3.31,3.035,
2020-02-22 04:33:47,5.63,3.64,2.383,5.559,3.31,3.072,
2020-02-22 04:48:50,5.621,3.724,2.501,5.559,3.35,3.112,
2020-02-22 05:03:53,5.623,3.724,2.601,5.559,3.35,3.157,
2020-02-22 05:18:56,5.623,3.886,2.693,5.558,3.39,3.188,
2020-02-22 05:33:59,5.624,3.949,2.772,5.558,3.404,3.215,
2020-02-22 05:49:03,5.618,3.949,2.856,5.558,3.422,3.235,
2020-02-22 06:04:06,5.62,3.997,2.925,5.558,3.44,3.247,
2020-02-22 06:19:09,5.618,4.092,2.99,5.558,3.465,3.259,
2020-02-22 06:34:11,5.615,4.135,3.043,5.566,3.483,3.261,
2020-02-22 06:49:14,5.616,4.171,3.15,5.566,3.502,3.266,
2020-02-22 07:04:16,5.618,4.198,3.192,5.569,3.509,3.265,
2020-02-22 07:19:19,5.617,4.228,3.192,5.569,3.515,3.268,
2020-02-22 07:34:22,5.62,4.228,3.192,5.576,3.515,3.27,
2020-02-22 07:49:24,5.615,4.256,3.242,5.576,3.518,3.269,
2020-02-22 08:04:27,5.618,4.291,3.32,5.576,3.514,3.269,
2020-02-22 08:19:29,5.623,4.311,3.354,5.585,3.507,3.263,
2020-02-22 08:34:39,5.623,4.326,3.395,5.585,3.498,3.259,
2020-02-22 08:49:42,5.626,4.342,3.436,5.585,3.492,3.254,
2020-02-22 09:04:45,5.625,4.356,3.469,5.585,3.486,3.248,
2020-02-22 09:19:48,5.625,4.356,3.508,5.599,3.475,3.233,
2020-02-22 09:34:51,5.632,4.384,3.531,5.599,3.466,3.226,
2020-02-22 09:49:53,5.637,4.392,3.555,5.599,3.459,3.213,
2020-02-22 10:04:56,5.643,4.409,3.58,5.599,3.452,3.202,
2020-02-22 10:19:59,5.648,4.43,3.605,5.599,3.444,3.182,
2020-02-22 10:35:02,5.653,4.446,3.632,5.615,3.436,3.163,
2020-02-22 10:50:05,5.66,4.464,3.658,5.615,3.426,3.141,
2020-02-22 11:05:08,5.665,4.493,3.692,5.615,3.414,3.115,
2020-02-22 11:20:11,5.667,4.522,3.692,5.615,3.407,3.087,
2020-02-22 11:35:13,5.677,4.522,3.705,5.629,3.407,3.058,
2020-02-22 11:50:17,5.682,4.546,3.705,5.629,3.4,3.038,
2020-02-22 12:05:19,5.693,4.575,3.728,5.629,3.381,3.038,
2020-02-22 12:20:22,5.701,4.644,3.723,5.657,3.334,3.012,
2020-02-22 12:35:24,5.701,4.644,3.723,5.657,3.334,2.996,
2020-02-22 12:50:28,5.715,4.697,3.721,5.657,3.267,2.98,
2020-02-22 13:05:31,5.721,4.72,3.706,5.657,3.23,2.952,
2020-02-22 13:20:34,5.721,4.738,3.69,5.689,3.191,2.937,
2020-02-22 13:35:39,5.727,4.738,3.667,5.689,3.191,2.937,
2020-02-22 13:50:41,5.737,4.755,3.653,5.689,3.118,2.895,
2020-02-22 14:05:45,5.75,4.761,3.637,5.689,3.084,2.87,
2020-02-22 14:20:48,5.763,4.76,3.622,5.689,3.047,2.841,
2020-02-22 14:35:50,5.763,4.76,3.582,5.747,3.047,2.841,
2020-02-22 14:50:53,5.782,4.76,3.565,5.738,2.969,2.783,
2020-02-22 15:05:56,5.787,4.756,3.508,5.738,2.934,2.762,
2020-02-22 15:20:59,5.805,4.747,3.508,5.738,2.9,2.74,
2020-02-22 15:36:01,5.805,4.747,3.508,5.835,2.9,2.74,
2020-02-22 15:51:04,5.825,4.747,3.442,5.835,2.9,2.705,
2020-02-22 16:06:06,5.838,4.738,3.407,5.835,2.837,2.705,
2020-02-22 16:21:09,5.849,4.713,3.379,5.93,2.782,2.674,
2020-02-22 16:36:12,5.849,4.713,3.352,5.93,2.782,2.674,
2020-02-22 16:51:15,5.876,4.689,3.312,5.93,2.727,2.644,
2020-02-22 17:06:18,5.888,4.678,3.284,5.93,2.727,2.628,
2020-02-22 17:21:21,5.888,4.657,3.255,6.001,2.67,2.615,
2020-02-22 17:36:24,5.901,4.657,3.219,6.001,2.67,2.615,
2020-02-22 17:51:26,5.901,4.621,3.194,6.001,2.619,2.59,
2020-02-22 18:06:29,5.924,4.605,3.158,6.001,2.596,2.578,
2020-02-22 18:21:32,5.944,4.589,3.124,6.001,2.572,2.566,
2020-02-22 18:36:35,5.944,4.589,3.096,6.037,2.572,2.566,
2020-02-22 18:51:37,5.962,4.552,3.066,6.037,2.53,2.546,
2020-02-22 19:06:41,5.97,4.529,3.033,6.037,2.508,2.538,
2020-02-22 19:21:44,5.984,4.513,3.033,6.037,2.487,2.525,
2020-02-22 19:36:48,5.984,4.513,2.999,6.055,2.487,2.525,
2020-02-22 19:51:50,6.002,4.495,2.97,6.055,2.487,2.507,
2020-02-22 20:06:53,6.008,4.472,2.912,6.055,2.449,2.507,
2020-02-22 20:21:56,6.019,4.437,2.887,6.071,2.417,2.491,
2020-02-22 20:36:58,6.017,4.418,2.858,6.071,2.401,2.481,
2020-02-22 20:52:01,6.031,4.398,2.823,6.071,2.386,2.467,
2020-02-22 21:07:05,6.042,4.382,2.797,6.071,2.37,2.457,
2020-02-22 21:22:08,6.042,4.372,2.768,6.075,2.35,2.446,
2020-02-22 21:37:11,6.052,4.372,2.752,6.075,2.35,2.434,
2020-02-22 21:49:41,6.052,4.348,2.727,6.075,2.312,2.425,
2020-02-22 22:04:45,6.075,4.342,2.702,6.075,2.292,2.413,
2020-02-22 22:19:49,6.098,4.322,2.684,6.075,2.279,2.403,
2020-02-22 22:34:52,6.098,4.322,2.66,6.093,2.279,2.403,
2020-02-22 22:49:55,6.134,4.306,2.639,6.093,2.244,2.384,
2020-02-22 23:04:58,6.149,4.296,2.609,6.093,2.225,2.376,
2020-02-22 23:20:01,6.173,4.289,2.609,6.093,2.21,2.371,
2020-02-22 23:35:05,6.173,4.289,2.594,6.111,2.21,2.371,
2020-02-22 23:50:07,6.213,4.289,2.594,6.111,2.21,2.367,
2020-02-23 00:05:10,6.234,4.266,2.563,6.111,2.191,2.367,
2020-02-23 00:20:13,6.263,4.245,2.557,6.111,2.18,2.368,
2020-02-23 00:35:15,6.263,4.245,2.544,6.122,2.18,2.378,
2020-02-23 00:50:19,6.309,4.225,2.543,6.122,2.184,2.415,
2020-02-23 01:05:21,6.338,4.217,2.539,6.122,2.184,2.443,
2020-02-23 01:20:25,6.338,4.205,2.546,6.156,2.209,2.474,
2020-02-23 01:35:27,6.359,4.205,2.559,6.156,2.209,2.506,
2020-02-23 01:50:30,6.359,4.188,2.557,6.156,2.269,2.539,
2020-02-23 02:05:33,6.41,4.179,2.572,6.156,2.315,2.569,
2020-02-23 02:20:36,6.456,4.168,2.585,6.156,2.374,2.593,
2020-02-23 02:35:38,6.456,4.168,2.606,6.195,2.374,2.618,
2020-02-23 02:50:41,6.494,4.152,2.628,6.195,2.498,2.643,
2020-02-23 03:05:44,6.509,4.15,2.656,6.195,2.559,2.668,
2020-02-23 03:20:49,6.529,4.143,2.656,6.195,2.618,2.691,
2020-02-23 03:35:52,6.529,4.143,2.683,6.238,2.618,2.691,
2020-02-23 03:50:55,6.561,4.143,2.706,6.238,2.674,2.751,
2020-02-23 04:05:57,6.573,4.137,2.787,6.238,2.734,2.751,
2020-02-23 04:21:00,6.587,4.133,2.828,6.238,2.828,2.83,
2020-02-23 04:36:04,6.6,4.134,2.896,6.267,2.881,2.83,
2020-02-23 04:51:06,6.609,4.139,2.965,6.275,2.928,2.878,
2020-02-23 05:06:09,6.624,4.147,3.076,6.275,2.988,2.973,
2020-02-23 05:21:11,6.624,4.148,3.174,6.295,3.045,3.023,
2020-02-23 05:36:14,6.636,4.162,3.289,6.263,3.101,3.077,
2020-02-23 05:51:16,6.647,4.17,3.382,6.263,3.161,3.137,
2020-02-23 06:06:20,6.664,4.176,3.488,6.263,3.211,3.191,
2020-02-23 06:21:24,6.667,4.194,3.565,6.263,3.26,3.23,
2020-02-23 06:36:26,6.667,4.204,3.642,6.305,3.295,3.265,
2020-02-23 06:51:30,6.681,4.222,3.694,6.305,3.321,3.284,
2020-02-23 07:06:32,6.683,4.237,3.735,6.311,3.346,3.306,
2020-02-23 07:21:34,6.688,4.251,3.735,6.311,3.4,3.321,
2020-02-23 07:36:37,6.684,4.251,3.775,6.312,3.4,3.332,
2020-02-23 07:51:40,6.683,4.266,3.797,6.312,3.4,3.338,
2020-02-23 08:06:42,6.686,4.299,3.838,6.312,3.43,3.34,
2020-02-23 08:21:45,6.685,4.312,3.846,6.312,3.501,3.34,
2020-02-23 08:36:49,6.686,4.326,3.863,6.307,3.531,3.339,
2020-02-23 08:51:52,6.682,4.337,3.875,6.307,3.545,3.338,
2020-02-23 09:06:56,6.682,4.349,3.877,6.307,3.558,3.339,
2020-02-23 09:21:59,6.682,4.364,3.885,6.306,3.566,3.335,
2020-02-23 09:37:01,6.683,4.376,3.877,6.306,3.57,3.333,
2020-02-23 09:52:04,6.687,4.389,3.884,6.306,3.586,3.331,
2020-02-23 10:07:07,6.686,4.409,3.897,6.306,3.573,3.333,
2020-02-23 10:22:09,6.678,4.42,3.898,6.303,3.573,3.321,
2020-02-23 10:38:19,6.678,4.437,3.914,6.303,3.568,3.32,
2020-02-23 10:53:22,6.677,4.457,3.937,6.303,3.566,3.309,
2020-02-23 11:08:25,6.677,4.478,3.945,6.303,3.557,3.307,
2020-02-23 11:23:28,6.678,4.5,3.975,6.303,3.546,3.297,
2020-02-23 11:38:30,6.677,4.522,3.99,6.306,3.533,3.294,
2020-02-23 11:53:32,6.671,4.548,4.006,6.306,3.49,3.286,
2020-02-23 12:08:35,6.67,4.602,4.02,6.306,3.465,3.266,
2020-02-23 12:23:37,6.676,4.633,4.012,6.306,3.439,3.251,
2020-02-23 12:38:40,6.667,4.664,4.012,6.317,3.413,3.237,
2020-02-23 12:53:43,6.667,4.664,4.027,6.317,3.413,3.222,
2020-02-23 13:08:46,6.671,4.696,4.014,6.317,3.388,3.206,
2020-02-23 13:23:48,6.664,4.725,4.021,6.34,3.353,3.206,
2020-02-23 13:38:51,6.663,4.756,4.025,6.34,3.316,3.183,
2020-02-23 13:53:54,6.662,4.778,4.007,6.34,3.265,3.162,
2020-02-23 14:08:58,6.658,4.801,4.016,6.34,3.213,3.137,
2020-02-23 14:24:01,6.661,4.819,3.994,6.36,3.166,3.105,
2020-02-23 14:39:05,6.661,4.836,3.978,6.36,3.116,3.078,
2020-02-23 14:54:07,6.665,4.847,3.958,6.36,3.068,3.048,
2020-02-23 15:09:10,6.665,4.859,3.936,6.36,3.019,3.021,
2020-02-23 15:24:13,6.667,4.868,3.936,6.36,2.977,2.994,
2020-02-23 15:39:16,6.671,4.872,3.92,6.391,2.939,2.968,
2020-02-23 15:54:18,6.668,4.874,3.886,6.391,2.861,2.941,
2020-02-23 16:09:21,6.678,4.866,3.866,6.391,2.825,2.915,
2020-02-23 16:24:24,6.683,4.86,3.844,6.4,2.794,2.861,
2020-02-23 16:39:27,6.683,4.856,3.844,6.4,2.764,2.834,
2020-02-23 16:54:29,6.692,4.856,3.814,6.4,2.764,2.813,
2020-02-23 17:09:32,6.701,4.847,3.784,6.4,2.735,2.787,
2020-02-23 17:24:35,6.708,4.829,3.753,6.416,2.707,2.787,
2020-02-23 17:39:38,6.715,4.812,3.725,6.416,2.68,2.766,
2020-02-23 17:54:40,6.724,4.793,3.701,6.416,2.657,2.748,
2020-02-23 18:09:43,6.746,4.774,3.666,6.416,2.631,2.727,
2020-02-23 18:24:46,6.757,4.757,3.633,6.42,2.61,2.71,
2020-02-23 18:39:48,6.757,4.731,3.593,6.42,2.588,2.686,
2020-02-23 18:54:51,6.767,4.712,3.554,6.42,2.565,2.671,
2020-02-23 19:09:55,6.782,4.692,3.521,6.42,2.542,2.655,
2020-02-23 19:24:57,6.791,4.667,3.475,6.42,2.522,2.638,
2020-02-23 19:40:02,6.806,4.644,3.439,6.444,2.501,2.621,
2020-02-23 19:55:05,6.817,4.596,3.358,6.444,2.461,2.607,
2020-02-23 20:10:08,6.827,4.573,3.327,6.444,2.442,2.587,
2020-02-23 20:25:10,6.843,4.547,3.284,6.453,2.42,2.558,
2020-02-23 20:40:13,6.854,4.527,3.284,6.453,2.403,2.542,
2020-02-23 20:55:15,6.864,4.527,3.239,6.453,2.403,2.529,
2020-02-23 21:10:18,6.876,4.508,3.215,6.453,2.383,2.516,
2020-02-23 21:25:21,6.887,4.48,3.174,6.483,2.361,2.516,
2020-02-23 21:40:24,6.9,4.457,3.138,6.483,2.345,2.505,
2020-02-23 21:55:26,6.917,4.442,3.107,6.483,2.327,2.489,
2020-02-23 22:10:29,6.923,4.42,3.071,6.483,2.311,2.476,
2020-02-23 22:25:32,6.935,4.404,3.037,6.481,2.293,2.464,
2020-02-23 22:40:35,6.935,4.39,3.01,6.482,2.277,2.453,
2020-02-23 22:55:39,6.942,4.37,2.973,6.482,2.262,2.442,
2020-02-23 23:10:43,6.948,4.36,2.948,6.482,2.247,2.428,
2020-02-23 23:25:46,6.958,4.347,2.915,6.482,2.233,2.417,
2020-02-23 23:40:49,6.964,4.335,2.885,6.487,2.22,2.407,
2020-02-23 23:55:51,6.97,4.31,2.837,6.487,2.19,2.394,
2020-02-24 00:10:54,6.971,4.303,2.799,6.487,2.177,2.386,
2020-02-24 00:25:57,6.978,4.289,2.772,6.5,2.165,2.378,
2020-02-24 00:41:01,6.985,4.278,2.772,6.5,2.152,2.363,
2020-02-24 00:56:05,6.982,4.278,2.744,6.5,2.152,2.357,
2020-02-24 01:11:08,6.987,4.27,2.731,6.5,2.14,2.356,
2020-02-24 01:26:11,6.988,4.257,2.694,6.509,2.128,2.356,
2020-02-24 01:41:14,6.991,4.248,2.675,6.509,2.118,2.355,
2020-02-24 01:56:17,6.995,4.236,2.655,6.508,2.106,2.353,
2020-02-24 02:11:19,6.996,4.226,2.631,6.508,2.096,2.346,
2020-02-24 02:26:22,6.993,4.217,2.61,6.503,2.086,2.343,
2020-02-24 02:41:24,6.993,4.203,2.589,6.503,2.077,2.334,
2020-02-24 02:56:27,6.994,4.19,2.567,6.503,2.067,2.325,
2020-02-24 03:11:31,6.994,4.183,2.555,6.503,2.054,2.319,
2020-02-24 03:26:33,6.996,4.177,2.537,6.503,2.048,2.31,
2020-02-24 03:41:36,6.995,4.163,2.515,6.515,2.038,2.306,
2020-02-24 03:56:39,6.993,4.144,2.481,6.515,2.02,2.296,
2020-02-24 04:11:41,6.993,4.133,2.463,6.515,2.012,2.291,
2020-02-24 04:26:44,6.989,4.133,2.448,6.509,2.005,2.283,
2020-02-24 04:41:46,6.989,4.111,2.448,6.509,1.997,2.263,
2020-02-24 04:56:49,6.99,4.111,2.435,6.509,1.997,2.26,
2020-02-24 05:11:52,6.981,4.104,2.418,6.505,1.989,2.259,
2020-02-24 05:26:55,6.981,4.094,2.402,6.503,1.986,2.259,
2020-02-24 05:41:59,6.981,4.094,2.39,6.503,1.98,2.259,
2020-02-24 05:57:02,6.974,4.082,2.384,6.503,1.98,2.249,
2020-02-24 06:12:05,6.967,4.072,2.368,6.503,1.98,2.246,
2020-02-24 06:27:09,6.967,4.067,2.361,6.503,1.984,2.243,
2020-02-24 06:43:19,6.954,4.067,2.355,6.499,1.994,2.243,
2020-02-24 06:58:22,6.946,4.055,2.346,6.499,2.017,2.247,
2020-02-24 07:13:24,6.941,4.053,2.343,6.499,2.053,2.257,
2020-02-24 07:28:27,6.942,4.053,2.349,6.5,2.104,2.273,
2020-02-24 07:43:29,6.937,4.054,2.357,6.5,2.168,2.305,
2020-02-24 07:58:31,6.937,4.059,2.357,6.5,2.252,2.354,
2020-02-24 08:13:34,6.934,4.073,2.414,6.5,2.447,2.506,
2020-02-24 08:28:37,6.927,4.09,2.459,6.486,2.555,2.506,
2020-02-24 08:43:40,6.917,4.09,2.508,6.486,2.668,2.506,
2020-02-24 08:58:43,6.913,4.101,2.574,6.486,2.668,2.768,
2020-02-24 09:13:46,6.91,4.135,2.646,6.486,2.897,2.832,
2020-02-24 09:28:48,6.907,4.135,2.733,6.487,3.004,2.897,
2020-02-24 09:43:51,6.901,4.153,2.821,6.487,3.096,2.953,
2020-02-24 09:58:53,6.895,4.17,2.821,6.487,3.176,3.008,
2020-02-24 10:13:55,6.886,4.203,2.896,6.487,3.176,3.06,
2020-02-24 10:28:58,6.882,4.203,2.973,6.475,3.238,3.118,
2020-02-24 10:44:02,6.882,4.22,3.047,6.475,3.278,3.118,
2020-02-24 10:59:06,6.873,4.231,3.12,6.475,3.304,3.175,
2020-02-24 11:14:09,6.867,4.25,3.18,6.469,3.327,3.224,
2020-02-24 11:29:12,6.867,4.264,3.251,6.469,3.347,3.265,
2020-02-24 11:44:15,6.863,4.264,3.303,6.469,3.369,3.298,
2020-02-24 11:59:17,6.863,4.292,3.354,6.469,3.39,3.318,
2020-02-24 12:14:19,6.852,4.324,3.44,6.469,3.417,3.338,
2020-02-24 12:29:22,6.844,4.324,3.465,6.467,3.432,3.353,
2020-02-24 12:44:25,6.841,4.331,3.495,6.467,3.439,3.372,
2020-02-24 12:59:28,6.839,4.355,3.518,6.467,3.446,3.379,
2020-02-24 13:14:31,6.839,4.363,3.545,6.467,3.446,3.393,
2020-02-24 13:29:34,6.831,4.363,3.571,6.464,3.448,3.393,
2020-02-24 13:44:36,6.823,4.371,3.583,6.464,3.448,3.395,
2020-02-24 13:59:39,6.823,4.388,3.583,6.464,3.437,3.395,
2020-02-24 14:14:42,6.813,4.41,3.593,6.464,3.437,3.388,
2020-02-24 14:29:45,6.813,4.41,3.62,6.469,3.43,3.377,
2020-02-24 14:44:49,6.802,4.424,3.644,6.469,3.419,3.377,
2020-02-24 14:59:54,6.794,4.429,3.676,6.469,3.408,3.366,
2020-02-24 15:14:57,6.788,4.44,3.711,6.471,3.398,3.348,
2020-02-24 15:30:02,6.781,4.452,3.743,6.471,3.371,3.333,
2020-02-24 15:45:06,6.778,4.464,3.775,6.471,3.371,3.315,
2020-02-24 16:00:11,6.778,4.476,3.854,6.471,3.348,3.291,
2020-02-24 16:15:16,6.77,4.5,3.886,6.471,3.297,3.27,
2020-02-24 16:30:19,6.765,4.518,3.913,6.481,3.297,3.252,
2020-02-24 16:45:23,6.761,4.532,3.934,6.481,3.242,3.232,
2020-02-24 17:00:26,6.757,4.549,3.958,6.481,3.212,3.179,
2020-02-24 17:15:31,6.753,4.568,3.955,6.481,3.184,3.151,
2020-02-24 17:30:33,6.75,4.588,3.971,6.488,3.16,3.119,
2020-02-24 17:45:37,6.744,4.606,3.983,6.488,3.129,3.084,
2020-02-24 18:00:40,6.733,4.621,3.983,6.488,3.106,3.051,
2020-02-24 18:15:42,6.731,4.621,3.98,6.488,3.106,3.021,
2020-02-24 18:30:45,6.728,4.639,3.993,6.492,3.076,2.989,
2020-02-24 18:45:47,6.725,4.651,3.984,6.492,3.045,2.989,
2020-02-24 19:00:50,6.721,4.667,3.975,6.492,3.016,2.957,
2020-02-24 19:15:53,6.729,4.672,3.968,6.492,2.98,2.932,
2020-02-24 19:30:56,6.722,4.672,3.934,6.493,2.948,2.905,
2020-02-24 19:46:03,6.719,4.682,3.907,6.493,2.912,2.875,
2020-02-24 20:01:06,6.719,4.679,3.879,6.493,2.844,2.848,
2020-02-24 20:16:09,6.721,4.678,3.847,6.493,2.817,2.822,
2020-02-24 20:31:13,6.718,4.67,3.819,6.49,2.784,2.796,
2020-02-24 20:46:18,6.72,4.67,3.776,6.49,2.784,2.771,
2020-02-24 21:01:22,6.719,4.654,3.732,6.49,2.728,2.727,
2020-02-24 21:16:26,6.724,4.643,3.69,6.464,2.698,2.702,
2020-02-24 21:31:29,6.721,4.633,3.651,6.497,2.673,2.685,
2020-02-24 21:46:31,6.73,4.633,3.603,6.497,2.649,2.666,
2020-02-24 22:01:35,6.733,4.605,3.603,6.497,2.625,2.647,
2020-02-24 22:16:38,6.739,4.605,3.563,6.497,2.625,2.628,
2020-02-24 22:31:40,6.743,4.588,3.507,6.494,2.606,2.611,
2020-02-24 22:46:43,6.742,4.573,3.459,6.494,2.58,2.611,
2020-02-24 23:01:46,6.752,4.557,3.415,6.504,2.559,2.6,
2020-02-24 23:16:49,6.755,4.541,3.373,6.504,2.54,2.582,
2020-02-24 23:31:52,6.762,4.53,3.332,6.507,2.522,2.564,
2020-02-24 23:46:55,6.764,4.513,3.285,6.507,2.503,2.551,
2020-02-25 00:01:58,6.764,4.494,3.207,6.507,2.489,2.536,
2020-02-25 00:17:04,6.774,4.462,3.172,6.5,2.457,2.511,
2020-02-25 00:32:07,6.779,4.444,3.132,6.508,2.441,2.5,
2020-02-25 00:47:10,6.795,4.432,3.097,6.508,2.426,2.485,
2020-02-25 01:03:19,6.801,4.415,3.063,6.508,2.412,2.47,
2020-02-25 01:18:22,6.801,4.402,3.027,6.508,2.396,2.461,
2020-02-25 01:33:25,6.815,4.389,2.997,6.512,2.382,2.448,
2020-02-25 01:48:28,6.827,4.375,2.958,6.512,2.369,2.439,
2020-02-25 02:03:31,6.828,4.364,2.93,6.512,2.356,2.424,
2020-02-25 02:18:34,6.84,4.353,2.893,6.512,2.343,2.413,
2020-02-25 02:33:36,6.845,4.341,2.863,6.515,2.328,2.4,
2020-02-25 02:48:40,6.851,4.33,2.837,6.515,2.314,2.388,
2020-02-25 03:03:43,6.858,4.322,2.812,6.515,2.3,2.379,
2020-02-25 03:18:45,6.865,4.314,2.812,6.515,2.284,2.368,
2020-02-25 03:33:48,6.865,4.314,2.785,6.522,2.284,2.368,
2020-02-25 03:48:51,6.88,4.314,2.763,6.522,2.284,2.346,
2020-02-25 04:03:54,6.887,4.296,2.707,6.522,2.254,2.346,
2020-02-25 04:18:56,6.896,4.276,2.68,6.533,2.229,2.329,
2020-02-25 04:33:59,6.896,4.276,2.68,6.533,2.229,2.315,
2020-02-25 04:49:02,6.908,4.26,2.635,6.53,2.207,2.315,
2020-02-25 05:04:05,6.918,4.26,2.616,6.53,2.198,2.287,
2020-02-25 05:19:08,6.918,4.242,2.597,6.53,2.19,2.287,
2020-02-25 05:34:11,6.917,4.242,2.597,6.538,2.19,2.287,
2020-02-25 05:49:15,6.917,4.222,2.557,6.538,2.176,2.26,
2020-02-25 06:04:17,6.934,4.214,2.542,6.538,2.166,2.243,
2020-02-25 06:19:20,6.94,4.206,2.526,6.538,2.156,2.24,
2020-02-25 06:34:23,6.94,4.206,2.511,6.54,2.156,2.24,
2020-02-25 06:49:26,6.947,4.186,2.484,6.542,2.14,2.232,
2020-02-25 07:04:28,6.952,4.177,2.466,6.54,2.13,2.229,
2020-02-25 07:19:31,6.955,4.17,2.466,6.547,2.122,2.225,
2020-02-25 07:34:33,6.955,4.17,2.451,6.547,2.122,2.225,
2020-02-25 07:49:36,6.959,4.17,2.451,6.547,2.122,2.218,
2020-02-25 08:04:38,6.956,4.155,2.429,6.547,2.108,2.218,
2020-02-25 08:19:41,6.955,4.14,2.417,6.531,2.094,2.215,
2020-02-25 08:34:44,6.955,4.14,2.407,6.531,2.094,2.216,
2020-02-25 08:49:47,6.955,4.123,2.394,6.531,2.079,2.214,
2020-02-25 09:04:50,6.952,4.12,2.387,6.531,2.078,2.221,
2020-02-25 09:19:52,6.952,4.112,2.383,6.544,2.073,2.221,
2020-02-25 09:34:55,6.947,4.112,2.374,6.54,2.073,2.221,
2020-02-25 09:49:58,6.947,4.097,2.366,6.54,2.062,2.203,
2020-02-25 10:05:01,6.943,4.089,2.358,6.54,2.054,2.195,
2020-02-25 10:20:05,6.936,4.081,2.351,6.54,2.048,2.189,
2020-02-25 10:35:08,6.936,4.081,2.342,6.541,2.048,2.182,
2020-02-25 10:50:11,6.925,4.067,2.343,6.541,2.029,2.172,
2020-02-25 11:05:14,6.921,4.059,2.343,6.541,2.022,2.173,
2020-02-25 11:20:19,6.915,4.053,2.333,6.542,2.013,2.165,
2020-02-25 11:35:22,6.915,4.053,2.333,6.542,2.013,2.165,
2020-02-25 11:50:24,6.899,4.053,2.33,6.542,2.013,2.155,
2020-02-25 12:05:27,6.894,4.035,2.33,6.542,1.999,2.155,
2020-02-25 12:20:29,6.888,4.017,2.328,6.536,1.98,2.157,
2020-02-25 12:35:32,6.888,4.017,2.328,6.534,1.98,2.157,
2020-02-25 12:50:35,6.888,4.017,2.32,6.534,1.97,2.157,
2020-02-25 13:05:37,6.87,3.992,2.313,6.534,1.962,2.175,
2020-02-25 13:20:41,6.87,3.983,2.311,6.534,1.956,2.18,
2020-02-25 13:35:43,6.861,3.983,2.311,6.524,1.956,2.18,
2020-02-25 13:50:47,6.861,3.983,2.298,6.524,1.956,2.18,
2020-02-25 14:05:50,6.861,3.983,2.292,6.524,1.956,2.18,
2020-02-25 14:20:53,6.829,3.945,2.285,6.524,1.931,2.188,
2020-02-25 14:35:56,6.829,3.945,2.284,6.518,1.931,2.188,
2020-02-25 14:51:00,6.829,3.945,2.28,6.518,1.931,2.188,
2020-02-25 15:06:06,6.829,3.945,2.28,6.518,1.931,2.188,
2020-02-25 15:21:10,6.794,3.904,2.277,6.518,1.91,2.174,
2020-02-25 15:36:15,6.789,3.904,2.271,6.511,1.91,2.174,
2020-02-25 15:51:19,2020-02-25 16:07:26,6.77,3.854,2.287,6.511,1.902,
2020-02-25 16:23:43,6.762,3.854,2.287,6.501,1.902,2.171,
2020-02-25 16:38:52,6.762,3.854,2.295,6.501,1.902,2.171,
2020-02-25 16:53:55,6.762,3.854,2.31,6.501,1.902,2.171,
2020-02-25 17:08:58,6.762,3.854,2.319,6.491,1.902,2.205,
2020-02-25 17:24:09,6.733,3.807,2.332,6.493,1.885,2.205,
2020-02-25 17:39:13,6.733,3.807,2.338,6.493,1.885,2.213,
2020-02-25 17:54:18,6.709,3.778,2.342,6.493,1.877,2.222,
2020-02-25 18:09:22,6.697,3.778,2.35,6.493,1.877,2.233,
2020-02-25 18:24:26,6.697,3.755,2.352,6.493,1.868,2.243,
2020-02-25 18:39:29,6.697,3.755,2.362,6.48,1.868,2.243,
2020-02-25 18:54:32,6.679,3.728,2.371,6.48,1.863,2.259,
2020-02-25 19:09:35,6.679,3.728,2.385,6.48,1.863,2.259,
2020-02-25 19:24:38,6.666,3.704,2.385,6.48,1.857,2.282,
2020-02-25 19:39:41,6.666,3.704,2.399,6.465,1.857,2.282,
2020-02-25 19:54:44,6.651,3.678,2.41,6.465,1.858,2.287,
2020-02-25 20:09:47,6.651,3.656,2.408,6.465,1.858,2.287,
2020-02-25 20:24:50,6.632,3.656,2.408,6.453,1.858,2.287,
2020-02-25 20:39:53,6.632,3.656,2.416,6.453,1.858,2.276,
2020-02-25 20:54:58,6.62,3.637,2.427,6.453,1.858,2.276,
2020-02-25 21:10:04,6.62,3.637,2.432,6.453,1.858,2.261,
2020-02-25 21:25:06,6.604,3.615,2.436,6.439,1.86,2.261,
2020-02-25 21:40:09,6.604,3.615,2.447,6.439,1.86,2.261,
2020-02-25 21:55:13,6.593,3.598,2.446,6.439,1.861,2.243,
2020-02-25 22:10:17,6.571,3.598,2.452,6.439,1.861,2.243,
2020-02-25 22:25:20,6.571,3.577,2.458,6.439,1.853,2.221,
2020-02-25 22:40:23,6.571,3.577,2.454,6.426,1.853,2.221,
2020-02-25 22:55:26,6.561,3.562,2.452,6.426,1.844,2.201,
2020-02-25 23:10:30,6.561,3.562,2.448,6.426,1.844,2.201,
2020-02-25 23:25:34,6.554,3.546,2.448,6.406,1.835,2.185,
2020-02-25 23:40:37,6.554,3.546,2.441,6.406,1.835,2.185,
2020-02-25 23:55:40,6.554,3.546,2.433,6.404,1.835,2.185,
2020-02-26 00:10:43,6.554,3.517,2.429,6.404,1.817,2.185,
2020-02-26 00:25:46,6.531,3.517,2.429,6.389,1.817,2.157,
2020-02-26 00:40:48,6.531,3.517,2.416,6.389,1.817,2.157,
2020-02-26 00:55:51,6.531,3.505,2.416,6.389,1.817,2.157,
2020-02-26 01:10:54,6.531,3.499,2.416,6.377,1.817,2.123,
2020-02-26 01:25:57,6.509,3.494,2.375,6.375,1.799,2.123,
2020-02-26 01:41:00,6.509,3.489,2.37,6.366,1.795,2.123,
2020-02-26 01:56:02,6.509,3.484,2.355,6.366,1.792,2.123,
2020-02-26 02:11:05,6.491,3.476,2.341,6.359,1.789,2.123,
2020-02-26 02:26:08,6.491,3.47,2.324,6.359,1.782,2.095,
2020-02-26 02:41:11,6.491,3.47,2.31,6.354,1.782,2.095,
2020-02-26 02:56:13,6.491,3.47,2.301,6.353,1.782,2.095,
2020-02-26 03:11:17,6.491,3.47,2.284,6.347,1.782,2.095,
2020-02-26 03:26:19,6.467,3.442,2.274,6.337,1.761,2.068,
2020-02-26 03:41:22,6.467,3.442,2.248,6.332,1.761,2.068,
2020-02-26 03:56:25,6.467,3.442,2.238,6.332,1.761,2.068,
2020-02-26 04:11:28,6.467,3.408,2.223,6.332,1.75,2.068,
2020-02-26 04:26:31,6.458,3.408,2.223,6.315,1.75,2.041,
2020-02-26 04:41:34,6.458,3.408,2.214,6.315,1.743,2.041,
2020-02-26 04:56:38,6.45,3.408,2.206,6.315,1.743,2.031,
2020-02-26 05:11:41,6.45,3.392,2.206,6.315,1.743,2.02,
2020-02-26 05:26:45,6.441,3.375,2.183,6.29,1.736,2.02,
2020-02-26 05:41:48,6.441,3.375,2.183,6.29,1.736,2.02,
2020-02-26 05:56:51,6.441,3.375,2.183,6.29,1.736,2.02,
2020-02-26 06:11:54,6.435,3.375,2.183,6.29,1.736,2.02,
2020-02-26 06:26:57,6.435,3.336,2.14,6.29,1.712,2.003,
2020-02-26 06:42:00,6.435,3.336,2.14,6.27,1.712,2.003,
2020-02-26 06:57:02,6.431,3.316,2.123,6.255,1.709,1.994,
2020-02-26 07:12:05,6.431,3.316,2.123,6.255,1.709,1.994,
2020-02-26 07:27:08,6.425,3.298,2.108,6.247,1.703,1.985,
2020-02-26 07:42:10,6.425,3.298,2.108,6.247,1.703,1.985,
2020-02-26 07:58:20,6.425,3.298,2.108,6.247,1.703,1.985,
2020-02-26 08:13:23,6.425,3.264,2.079,6.247,1.695,1.985,
2020-02-26 08:28:27,6.409,3.264,2.079,6.221,1.695,1.988,
2020-02-26 08:43:31,6.409,3.264,2.079,6.211,1.695,1.988,
2020-02-26 08:58:33,6.409,3.264,2.079,6.211,1.695,1.988,
2020-02-26 09:13:37,6.409,3.234,2.049,6.211,1.69,1.986,
2020-02-26 09:28:39,6.403,3.234,2.049,6.197,1.69,1.986,
2020-02-26 09:43:42,6.403,3.234,2.049,6.197,1.69,1.986,
2020-02-26 09:58:46,6.403,3.234,2.049,6.197,1.69,1.986,
2020-02-26 10:13:49,6.401,3.234,2.049,6.197,1.69,1.979,
2020-02-26 10:28:53,6.401,3.205,2.026,6.172,1.686,1.979,
2020-02-26 10:43:57,6.401,3.205,2.026,6.172,1.686,1.979,
2020-02-26 10:58:59,6.401,3.205,2.026,6.172,1.686,1.979,
2020-02-26 11:14:02,6.393,3.205,2.026,6.172,1.686,1.979,
2020-02-26 11:29:05,6.393,3.181,2.007,6.172,1.667,1.981,
2020-02-26 11:44:07,6.393,3.181,2.007,6.148,1.667,1.981,
2020-02-26 11:59:10,6.393,3.181,2.007,6.148,1.667,1.981,
2020-02-26 12:14:12,6.393,3.152,1.992,6.135,1.666,1.981,
2020-02-26 12:29:15,6.386,3.152,1.992,6.129,1.666,1.983,
2020-02-26 12:44:18,6.386,3.152,1.992,6.129,1.666,1.983,
2020-02-26 12:59:20,6.386,3.152,1.992,6.129,1.666,1.983,
2020-02-26 13:14:23,6.386,3.124,1.986,6.129,1.66,1.999,
2020-02-26 13:29:25,6.378,3.124,1.986,6.104,1.66,1.999,
2020-02-26 13:44:28,6.376,3.124,1.986,6.104,1.66,2.012,
2020-02-26 13:59:31,6.376,3.124,1.993,6.104,1.66,2.012,
2020-02-26 14:14:34,6.367,3.124,1.993,6.104,1.66,2.05,
2020-02-26 14:29:37,6.367,3.097,2.001,6.089,1.653,2.05,
2020-02-26 14:44:42,6.367,3.097,2.001,6.089,1.653,2.05,
2020-02-26 14:59:46,6.367,3.097,2.001,6.089,1.653,2.05,
2020-02-26 15:14:53,6.36,3.097,2.001,6.089,1.653,2.05,
2020-02-26 15:29:57,6.36,3.072,2.019,6.069,1.638,2.083,
2020-02-26 15:45:00,6.36,3.072,2.019,6.069,1.638,2.083,
2020-02-26 16:00:06,6.36,3.072,2.019,6.069,1.638,2.083,
2020-02-26 16:15:11,6.36,3.047,2.031,6.069,1.628,2.083,
2020-02-26 16:30:14,6.355,3.047,2.031,6.052,1.628,2.115,
2020-02-26 16:45:23,6.355,3.047,2.031,6.052,1.628,2.115,
2020-02-26 17:00:27,6.355,3.047,2.031,6.052,1.628,2.115,
2020-02-26 17:15:31,6.355,3.024,2.047,6.052,1.618,2.125,
2020-02-26 17:30:35,6.336,3.024,2.047,6.031,1.618,2.125,
2020-02-26 17:45:38,6.336,3.024,2.047,6.031,1.618,2.125,
2020-02-26 18:00:42,6.336,3.024,2.047,6.031,1.618,2.125,
2020-02-26 18:15:45,6.324,3.005,2.047,6.031,1.618,2.102,
2020-02-26 18:30:48,6.324,3.002,2.095,6.017,1.613,2.102,
2020-02-26 18:45:53,6.324,2.997,2.095,6.017,1.613,2.102,
2020-02-26 19:00:57,6.324,2.991,2.095,6.017,1.613,2.102,
2020-02-26 19:16:01,6.317,2.985,2.095,6.017,1.613,2.102,
2020-02-26 19:31:05,6.317,2.978,2.136,6.004,1.609,2.076,
2020-02-26 19:46:09,6.317,2.97,2.136,6.004,1.609,2.076,
2020-02-26 20:01:13,6.317,2.963,2.136,6.004,1.609,2.076,
2020-02-26 20:16:16,6.317,2.952,2.137,6.004,1.607,2.076,
2020-02-26 20:31:20,6.301,2.952,2.137,5.987,1.607,2.055,
2020-02-26 20:46:24,6.301,2.952,2.137,5.987,1.607,2.055,
2020-02-26 21:01:28,6.301,2.952,2.137,5.987,1.607,2.055,
2020-02-26 21:16:31,6.301,2.922,2.12,5.987,1.597,2.036,
2020-02-26 21:31:34,6.296,2.922,2.12,5.976,1.597,2.036,
2020-02-26 21:46:37,6.296,2.912,2.12,5.976,1.593,2.029,
2020-02-26 22:01:40,6.286,2.912,2.094,5.976,1.593,2.029,
2020-02-26 22:16:43,6.277,2.912,2.094,5.976,1.593,2.02,
2020-02-26 22:31:46,6.277,2.9,2.082,5.96,1.589,2.02,
2020-02-26 22:46:48,6.274,2.893,2.076,5.96,1.586,2.02,
2020-02-26 23:01:52,6.274,2.893,2.076,5.96,1.586,2.02,
2020-02-26 23:16:54,6.264,2.893,2.076,5.96,1.586,2.02,
2020-02-26 23:31:57,6.264,2.879,2.049,5.944,1.577,2.001,
2020-02-26 23:47:00,6.264,2.879,2.049,5.945,1.577,2.001,
2020-02-27 00:02:04,6.264,2.879,2.049,5.945,1.577,2.001,
2020-02-27 00:17:08,6.248,2.86,2.019,5.939,1.569,2.001,
2020-02-27 00:33:20,6.248,2.86,2.019,5.939,1.569,1.984,
2020-02-27 00:48:23,6.248,2.86,2.019,5.939,1.569,1.984,
2020-02-27 01:03:26,6.248,2.86,2.019,5.939,1.569,1.984,
2020-02-27 01:18:28,6.248,2.839,1.992,5.939,1.559,1.972,
2020-02-27 01:33:31,6.239,2.839,1.992,5.927,1.559,1.972,
2020-02-27 01:48:34,6.239,2.839,1.992,5.927,1.559,1.972,
2020-02-27 02:03:37,6.239,2.839,1.992,5.927,1.559,1.972,
2020-02-27 02:18:40,6.228,2.817,1.968,5.927,1.55,1.959,
2020-02-27 02:33:44,6.228,2.817,1.968,5.908,1.55,1.959,
2020-02-27 02:48:49,6.228,2.817,1.968,5.908,1.55,1.959,
2020-02-27 03:03:51,6.228,2.817,1.968,5.898,1.55,1.959,
2020-02-27 03:18:54,6.218,2.817,1.968,5.901,1.542,1.948,
2020-02-27 03:33:57,6.218,2.795,1.948,5.901,1.542,1.948,
2020-02-27 03:49:00,6.218,2.795,1.948,5.901,1.542,1.948,
2020-02-27 04:04:04,6.218,2.795,1.948,5.901,1.542,1.948,
2020-02-27 04:19:06,6.205,2.775,1.935,5.885,1.536,1.948,
2020-02-27 04:34:09,6.205,2.775,1.935,5.885,1.536,1.943,
2020-02-27 04:49:12,6.199,2.775,1.93,5.885,1.536,1.943,
2020-02-27 05:04:15,6.199,2.764,1.93,5.885,1.536,1.942,
2020-02-27 05:19:18,6.199,2.757,1.924,5.885,1.535,1.947,
2020-02-27 05:34:21,6.191,2.757,1.924,5.869,1.535,1.947,
2020-02-27 05:49:24,6.191,2.757,1.924,5.869,1.535,1.947,
2020-02-27 06:04:28,6.191,2.757,1.924,5.869,1.535,1.947,
2020-02-27 06:19:31,6.185,2.742,1.923,5.869,1.538,1.953,
2020-02-27 06:34:34,6.185,2.742,1.923,5.862,1.538,1.953,
2020-02-27 06:49:37,6.18,2.738,1.919,5.857,1.538,1.955,
2020-02-27 07:04:39,6.18,2.738,1.919,5.857,1.538,1.955,
2020-02-27 07:19:42,6.173,2.738,1.919,5.848,1.539,1.953,
2020-02-27 07:34:45,6.173,2.732,1.92,5.847,1.539,1.953,
2020-02-27 07:49:47,6.173,2.732,1.92,5.847,1.539,1.951,
2020-02-27 08:04:50,6.169,2.732,1.921,5.847,1.539,1.951,
2020-02-27 08:19:52,6.165,2.727,1.919,5.837,1.539,1.951,
2020-02-27 08:34:55,6.165,2.727,1.919,5.837,1.538,1.948,
2020-02-27 08:49:58,6.165,2.727,1.919,5.837,1.538,1.948,
2020-02-27 09:05:00,6.165,2.727,1.919,5.837,1.538,1.948,
2020-02-27 09:20:05,6.165,2.714,1.918,5.837,1.534,1.935,
2020-02-27 09:35:08,6.155,2.714,1.918,5.827,1.534,1.935,
2020-02-27 09:50:11,6.155,2.714,1.918,5.827,1.534,1.935,
2020-02-27 10:05:13,6.155,2.708,1.918,5.827,1.534,1.935,
2020-02-27 10:20:16,6.148,2.705,1.908,5.827,1.526,1.92,
2020-02-27 10:35:19,6.148,2.704,1.908,5.818,1.526,1.92,
2020-02-27 10:50:22,6.148,2.701,1.908,5.812,1.526,1.92,
2020-02-27 11:05:24,6.148,2.698,1.908,5.812,1.526,1.92,
2020-02-27 11:20:27,6.136,2.698,1.908,5.812,1.52,1.913,
2020-02-27 11:35:31,6.136,2.697,1.899,5.805,1.52,1.913,
2020-02-27 11:50:34,6.136,2.692,1.899,5.805,1.52,1.913,
2020-02-27 12:05:36,6.136,2.689,1.899,5.805,1.52,1.913,
2020-02-27 12:20:39,6.128,2.686,1.882,5.795,1.51,1.903,
2020-02-27 12:35:42,6.128,2.686,1.882,5.795,1.51,1.903,
2020-02-27 12:50:48,6.128,2.686,1.882,5.795,1.51,1.903,
2020-02-27 13:05:52,6.128,2.686,1.882,5.795,1.51,1.903,
2020-02-27 13:20:56,6.128,2.671,1.866,5.795,1.507,1.909,
2020-02-27 13:36:00,6.122,2.671,1.866,5.786,1.507,1.909,
2020-02-27 13:51:03,6.122,2.671,1.866,5.786,1.507,1.909,
2020-02-27 14:06:08,6.122,2.671,1.854,5.786,1.507,1.909,
2020-02-27 14:21:11,6.108,2.656,1.851,5.786,1.511,1.916,
2020-02-27 14:36:14,6.108,2.656,1.851,5.775,1.511,1.916,
2020-02-27 14:51:19,6.108,2.656,1.851,5.775,1.511,1.916,
2020-02-27 15:06:21,6.108,2.656,1.851,5.775,1.511,1.916,
2020-02-27 15:21:24,6.093,2.656,1.839,5.765,1.511,1.915,
2020-02-27 15:36:30,6.093,2.637,1.839,5.765,1.49,1.915,
2020-02-27 15:51:34,6.093,2.637,1.839,5.765,1.49,1.915,
2020-02-27 16:06:39,6.093,2.637,1.839,5.765,1.49,1.915,
2020-02-27 16:21:42,6.086,2.618,1.833,5.765,1.492,1.915,
2020-02-27 16:36:45,6.086,2.618,1.833,5.75,1.492,1.904,
2020-02-27 16:51:49,6.086,2.618,1.833,5.75,1.492,1.904,
2020-02-27 17:06:53,6.086,2.618,1.833,5.75,1.492,1.904,
2020-02-27 17:21:56,6.086,2.602,1.83,5.75,1.495,1.904,
2020-02-27 17:37:00,6.069,2.602,1.83,5.744,1.495,1.904,
2020-02-27 17:52:04,6.069,2.602,1.83,5.744,1.495,1.904,
2020-02-27 18:07:08,6.069,2.602,1.83,5.744,1.495,1.904,
2020-02-27 18:22:11,6.056,2.587,1.828,5.737,1.488,1.904,
2020-02-27 18:38:20,6.056,2.587,1.828,5.737,1.488,1.904,
2020-02-27 18:53:23,6.056,2.587,1.828,5.737,1.478,1.904,
2020-02-27 19:08:26,6.044,2.587,1.822,5.737,1.478,1.902,
2020-02-27 19:23:29,6.036,2.574,1.823,5.723,1.474,1.901,
2020-02-27 19:38:33,6.036,2.574,1.823,5.723,1.474,1.901,
2020-02-27 19:53:36,6.036,2.574,1.823,5.723,1.474,1.901,
2020-02-27 20:08:39,6.036,2.574,1.823,5.723,1.474,1.901,
2020-02-27 20:23:42,6.028,2.559,1.823,5.71,1.465,1.899,
2020-02-27 20:38:45,6.028,2.559,1.823,5.71,1.465,1.899,
2020-02-27 20:53:48,6.028,2.559,1.823,5.71,1.465,1.899,
2020-02-27 21:08:53,6.028,2.559,1.823,5.71,1.465,1.89,
2020-02-27 21:23:56,6.012,2.55,1.817,5.71,1.453,1.89,
2020-02-27 21:38:59,6.012,2.55,1.817,5.706,1.453,1.89,
2020-02-27 21:54:02,6.012,2.55,1.817,5.706,1.453,1.89,
2020-02-27 22:09:04,6.001,2.541,1.807,5.706,1.444,1.89,
2020-02-27 22:24:07,6.001,2.541,1.807,5.7,1.444,1.883,
2020-02-27 22:39:10,6.001,2.541,1.807,5.7,1.444,1.883,
2020-02-27 22:54:13,6.001,2.541,1.807,5.7,1.444,1.883,
2020-02-27 23:09:15,6.001,2.541,1.807,5.7,1.444,1.883,
2020-02-27 23:24:18,5.984,2.525,1.803,5.683,1.438,1.868,
2020-02-27 23:39:21,5.984,2.525,1.803,5.683,1.438,1.868,
2020-02-27 23:54:23,5.984,2.525,1.803,5.683,1.438,1.868,
2020-02-28 00:09:26,5.984,2.525,1.803,5.683,1.438,1.868,
2020-02-28 00:24:29,5.969,2.506,1.797,5.663,1.435,1.789,
2020-02-28 00:39:31,5.969,2.506,1.797,5.663,1.435,1.789,
2020-02-28 00:54:34,5.969,2.506,1.797,5.663,1.435,1.789,
2020-02-28 01:09:37,5.969,2.506,1.797,5.663,1.435,1.699,
2020-02-28 01:24:41,5.951,2.489,1.787,5.663,1.426,1.699,
2020-02-28 01:39:44,5.951,2.489,1.787,5.668,1.426,1.699,
2020-02-28 01:54:47,5.951,2.489,1.787,5.668,1.426,1.699,
2020-02-28 02:09:50,5.934,2.471,1.766,5.668,1.421,1.699,
2020-02-28 02:24:52,5.934,2.471,1.766,5.652,1.421,1.672,
2020-02-28 02:39:55,5.934,2.471,1.766,5.652,1.421,1.672,
2020-02-28 02:54:58,5.934,2.471,1.766,5.652,1.421,1.672,
2020-02-28 03:10:01,5.934,2.471,1.766,5.652,1.421,1.672,
2020-02-28 03:25:05,5.917,2.455,1.715,5.644,1.415,1.657,
2020-02-28 03:40:08,5.917,2.455,1.715,5.644,1.415,1.657,
2020-02-28 03:55:10,5.917,2.455,1.715,5.644,1.415,1.657,
2020-02-28 04:10:15,5.917,2.455,1.715,5.644,1.415,1.657,
2020-02-28 04:25:17,5.903,2.442,1.64,5.628,1.409,1.649,
2020-02-28 04:40:20,5.903,2.442,1.64,5.628,1.409,1.649,
2020-02-28 04:55:24,5.893,2.436,1.612,5.628,1.406,1.645,
2020-02-28 05:10:27,5.893,2.436,1.612,5.628,1.404,1.642,
2020-02-28 05:25:30,5.883,2.429,1.588,5.628,1.404,1.642,
2020-02-28 05:40:32,5.883,2.429,1.588,5.62,1.404,1.642,
2020-02-28 05:55:35,5.883,2.429,1.588,5.62,1.404,1.642,
2020-02-28 06:10:38,5.87,2.418,1.56,5.62,1.399,1.642,
2020-02-28 06:25:41,5.87,2.418,1.56,5.613,1.399,1.633,
2020-02-28 06:40:44,5.87,2.418,1.56,5.613,1.399,1.633,
2020-02-28 06:55:48,5.857,2.412,1.549,5.606,1.395,1.631,
2020-02-28 16:11:06,5.732,2.756,2.467,5.525,2.212,2.718,
2020-02-28 16:26:10,5.726,2.797,2.527,5.516,2.342,2.718,
2020-02-28 16:42:28,5.723,2.84,2.575,5.516,2.459,2.752,
2020-02-28 16:57:42,5.717,2.887,2.632,5.516,2.553,2.818,
2020-02-28 17:12:45,5.723,2.934,2.721,5.516,2.628,2.845,
2020-02-28 17:27:49,5.715,3.044,2.721,5.523,2.694,2.867,
2020-02-28 17:42:53,5.717,3.101,2.763,5.523,2.753,2.885,
2020-02-28 17:57:56,5.715,3.157,2.763,5.523,2.805,2.897,
2020-02-28 18:13:01,5.715,3.216,2.891,5.523,2.879,2.904,
2020-02-28 18:28:10,5.718,3.281,2.911,5.513,2.906,2.905,
2020-02-28 18:43:14,5.718,3.281,2.945,5.513,2.906,2.905,
2020-02-28 18:58:23,5.713,3.424,2.973,5.513,2.941,2.903,
2020-02-28 19:13:27,5.716,3.495,3.004,5.513,2.945,2.898,
2020-02-28 19:28:36,5.719,3.566,3.028,5.524,2.95,2.89,
2020-02-28 19:43:39,5.721,3.64,3.057,5.524,2.948,2.881,
2020-02-28 19:58:42,5.721,3.64,3.057,5.524,2.948,2.873,
2020-02-28 20:13:48,5.721,3.707,3.077,5.524,2.944,2.863,
2020-02-28 20:28:52,5.722,3.771,3.091,5.529,2.938,2.854,
2020-02-28 20:43:55,5.729,3.828,3.112,5.529,2.931,2.842,
2020-02-28 21:00:05,5.732,3.878,3.131,5.529,2.918,2.812,
2020-02-28 21:15:08,5.731,3.923,3.14,5.529,2.906,2.792,
2020-02-28 21:30:12,5.738,3.962,3.16,5.55,2.889,2.77,
2020-02-28 21:45:29,5.745,3.994,3.169,5.55,2.872,2.748,
2020-02-28 22:00:33,5.748,4.025,3.184,5.55,2.853,2.727,
2020-02-28 22:15:38,5.759,4.08,3.185,5.55,2.809,2.703,
2020-02-28 22:30:43,5.767,4.103,3.184,5.55,2.809,2.682,
2020-02-28 22:45:48,5.775,4.103,3.18,5.573,2.784,2.682,
2020-02-28 23:00:53,5.779,4.142,3.188,5.573,2.731,2.662,
2020-02-28 23:16:30,2020-02-29 07:59:31,6.046,4.264,3.207,5.785,2.969,
2020-02-29 08:16:35,6.058,4.267,3.205,5.785,2.973,2.928,
2020-02-29 08:31:38,6.076,4.267,3.197,5.82,2.967,2.928,
2020-02-29 08:46:41,6.087,4.266,3.207,5.82,2.964,2.925,
2020-02-29 09:01:45,6.106,4.267,3.209,5.82,2.958,2.906,
2020-02-29 09:16:47,6.141,4.267,3.211,5.82,2.95,2.892,
2020-02-29 09:31:49,6.141,4.268,3.225,5.855,2.938,2.892,
2020-02-29 09:46:52,6.162,4.277,3.231,5.855,2.923,2.877,
2020-02-29 10:01:55,6.185,4.272,3.244,5.855,2.908,2.841,
2020-02-29 10:16:57,6.228,4.274,3.251,5.855,2.861,2.82,
2020-02-29 10:32:02,6.228,4.274,3.258,5.887,2.861,2.802,
2020-02-29 10:47:04,6.246,4.272,3.267,5.887,2.832,2.802,
2020-02-29 11:02:07,6.291,4.278,3.273,5.887,2.779,2.777,
2020-02-29 11:17:09,6.312,4.278,3.28,5.947,2.75,2.739,
2020-02-29 11:33:19,6.33,4.283,3.282,5.947,2.723,2.72,
2020-02-29 11:48:22,6.358,4.283,3.287,5.947,2.696,2.699,
2020-02-29 12:03:25,6.375,4.288,3.281,5.947,2.673,2.699,
2020-02-29 12:18:28,6.402,4.283,3.272,5.947,2.644,2.661,
2020-02-29 12:33:30,6.424,4.285,3.272,5.997,2.618,2.661,
2020-02-29 12:48:33,6.441,4.285,3.266,5.997,2.591,2.641,
2020-02-29 13:03:35,6.456,4.284,3.253,5.997,2.567,2.609,
2020-02-29 13:18:38,6.456,4.284,3.253,5.997,2.567,2.592,
2020-02-29 13:33:40,6.477,4.284,3.235,6.08,2.544,2.592,
2020-02-29 13:48:43,6.492,4.284,3.225,6.08,2.521,2.576,
2020-02-29 14:03:46,6.503,4.284,3.184,6.08,2.495,2.545,
2020-02-29 14:18:50,6.531,4.278,3.165,6.132,2.459,2.532,
2020-02-29 14:33:52,6.531,4.278,3.15,6.132,2.438,2.521,
2020-02-29 14:48:55,6.547,4.277,3.122,6.132,2.425,2.509,
2020-02-29 15:03:58,6.565,4.275,3.086,6.132,2.406,2.498,
2020-02-29 15:19:00,6.573,4.268,3.075,6.189,2.39,2.488,
2020-02-29 15:34:03,6.584,4.268,3.045,6.189,2.377,2.48,
2020-02-29 15:49:05,6.588,4.259,3.025,6.189,2.366,2.473,
2020-02-29 16:04:08,6.598,4.258,3.01,6.189,2.353,2.473,
2020-02-29 16:19:11,6.611,4.254,2.985,6.189,2.34,2.468,
2020-02-29 16:34:14,6.614,4.251,2.963,6.214,2.329,2.468,
2020-02-29 16:49:17,6.618,4.243,2.938,6.214,2.319,2.463,
2020-02-29 17:04:19,6.628,4.238,2.908,6.214,2.306,2.459,
2020-02-29 17:19:22,6.628,4.238,2.908,6.214,2.306,2.451,
2020-02-29 17:34:26,6.639,4.236,2.89,6.253,2.294,2.45,
2020-02-29 17:49:28,6.648,4.223,2.842,6.253,2.27,2.442,
2020-02-29 18:04:31,6.656,4.216,2.842,6.253,2.259,2.436,
2020-02-29 18:19:33,6.653,4.21,2.826,6.266,2.248,2.428,
2020-02-29 18:34:36,6.656,4.204,2.78,6.266,2.235,2.422,
2020-02-29 18:49:44,6.656,4.204,2.767,6.266,2.235,2.415,
2020-02-29 19:04:46,6.669,4.19,2.746,6.266,2.222,2.41,
2020-02-29 19:19:50,6.666,4.18,2.734,6.287,2.223,2.417,
2020-02-29 19:34:53,6.666,4.18,2.728,6.287,2.223,2.437,
2020-02-29 19:49:55,6.676,4.168,2.729,6.287,2.245,2.469,
2020-02-29 20:04:58,6.674,4.164,2.734,6.287,2.273,2.469,
2020-02-29 20:20:01,6.683,4.164,2.742,6.287,2.31,2.536,
2020-02-29 20:35:04,6.683,4.164,2.756,6.296,2.31,2.536,
2020-02-29 20:50:12,6.689,4.157,2.785,6.296,2.42,2.574,
2020-02-29 21:05:15,6.688,4.159,2.812,6.296,2.476,2.643,
2020-02-29 21:20:17,6.688,4.159,2.812,6.296,2.476,2.663,
2020-02-29 21:35:21,6.692,4.16,2.844,6.312,2.536,2.675,
2020-02-29 21:50:25,6.698,4.16,2.866,6.312,2.596,2.675,
2020-02-29 22:05:28,6.698,4.17,2.899,6.312,2.707,2.683,
2020-02-29 22:20:34,6.701,4.172,2.914,6.312,2.749,2.684,
2020-02-29 22:35:36,6.706,4.177,2.918,6.316,2.785,2.685,
2020-02-29 22:50:40,6.706,4.177,2.932,6.316,2.785,2.686,
2020-02-29 23:05:42,6.708,4.185,2.933,6.313,2.811,2.68,
2020-02-29 23:20:45,6.716,4.187,2.938,6.306,2.814,2.675,
2020-02-29 23:35:48,6.714,4.194,2.957,6.306,2.801,2.666,
2020-02-29 23:50:51,6.715,4.198,2.966,6.306,2.782,2.656,
2020-03-01 00:05:53,6.716,4.201,2.973,6.306,2.759,2.656,
2020-03-01 00:20:57,6.72,4.206,2.995,6.306,2.735,2.646,
2020-03-01 00:36:00,6.719,4.211,2.999,6.318,2.704,2.627,
2020-03-01 00:51:04,6.722,4.212,3.015,6.318,2.677,2.615,
2020-03-01 01:06:07,6.719,4.214,3.031,6.318,2.653,2.603,
2020-03-01 01:21:09,6.719,4.214,3.031,6.318,2.653,2.587,
2020-03-01 01:36:12,6.722,4.219,3.04,6.306,2.625,2.574,
2020-03-01 01:51:14,6.721,4.219,3.049,6.306,2.596,2.56,
2020-03-01 02:06:17,6.724,4.221,3.052,6.306,2.543,2.545,
2020-03-01 02:21:19,6.721,4.226,3.052,6.314,2.515,2.532,
2020-03-01 02:36:21,6.726,4.229,3.049,6.314,2.488,2.517,
2020-03-01 02:51:25,6.723,4.228,3.042,6.314,2.461,2.506,
2020-03-01 03:06:27,6.718,4.228,3.031,6.314,2.43,2.492,
2020-03-01 03:21:29,6.718,4.233,3.018,6.302,2.404,2.479,
2020-03-01 03:36:32,6.718,4.233,2.994,6.302,2.404,2.479,
2020-03-01 03:51:34,6.715,4.231,2.992,6.302,2.358,2.455,
2020-03-01 04:06:37,6.715,4.231,2.973,6.302,2.358,2.455,
2020-03-01 04:21:40,6.714,4.234,2.957,6.302,2.313,2.429,
2020-03-01 04:36:43,6.714,4.234,2.939,6.306,2.313,2.429,
2020-03-01 04:51:45,6.713,4.228,2.921,6.306,2.276,2.406,
2020-03-01 05:06:48,6.713,4.228,2.897,6.306,2.276,2.406,
2020-03-01 05:21:50,6.713,4.228,2.897,6.306,2.276,2.381,
2020-03-01 05:36:53,6.707,4.221,2.879,6.314,2.24,2.381,
2020-03-01 05:51:55,6.703,4.216,2.853,6.31,2.209,2.327,
2020-03-01 06:06:58,6.703,4.216,2.805,6.31,2.209,2.327,
2020-03-01 06:22:02,6.698,4.206,2.78,6.306,2.18,2.262,
2020-03-01 06:37:05,6.698,4.206,2.76,6.306,2.18,2.262,
2020-03-01 06:52:07,6.693,4.193,2.731,6.308,2.154,2.233,
2020-03-01 07:07:10,6.693,4.193,2.709,6.308,2.154,2.233,
2020-03-01 07:23:19,6.687,4.182,2.689,6.32,2.13,2.211,
2020-03-01 07:38:21,6.687,4.182,2.662,6.32,2.13,2.209,
2020-03-01 07:53:24,6.686,4.165,2.651,6.32,2.102,2.201,
2020-03-01 08:08:28,6.686,4.165,2.628,6.32,2.102,2.183,
2020-03-01 08:17:13,6.679,4.152,2.613,6.32,2.08,2.183,
2020-03-01 08:23:40,6.679,4.152,2.613,6.305,2.08,2.183,
2020-03-01 08:36:58,6.679,4.152,2.592,6.305,2.08,2.183,
2020-03-01 08:38:45,6.679,4.152,2.592,6.305,2.08,2.168,
2020-03-01 08:48:55,6.678,4.134,2.572,6.305,2.062,2.168,
2020-03-01 09:04:00,6.678,4.134,2.555,6.305,2.062,2.168,
2020-03-01 09:19:06,6.678,4.134,2.555,6.305,2.062,2.152,
2020-03-01 09:34:10,6.675,4.117,2.53,6.319,2.044,2.152,
2020-03-01 09:49:16,6.669,4.095,2.519,6.315,2.024,2.135,
2020-03-01 10:04:21,6.669,4.095,2.499,6.315,2.024,2.135,
2020-03-01 10:19:26,6.666,4.079,2.461,6.31,2.004,2.122,
2020-03-01 10:34:31,6.666,4.079,2.45,6.31,1.993,2.122,
2020-03-01 10:49:37,6.665,4.066,2.433,6.31,1.982,2.105,
2020-03-01 11:04:42,6.665,4.066,2.423,6.31,1.972,2.105,
2020-03-01 11:19:46,6.666,4.035,2.41,6.314,1.967,2.09,
2020-03-01 11:34:51,6.666,4.035,2.399,6.314,1.958,2.09,
2020-03-01 11:49:56,6.666,4.035,2.399,6.314,1.948,2.09,
2020-03-01 12:05:01,6.666,4.035,2.399,6.314,1.948,2.09,
2020-03-01 12:20:07,6.654,3.986,2.352,6.314,1.933,2.09,
2020-03-01 12:35:12,6.654,3.973,2.352,6.299,1.925,2.066,
2020-03-01 12:50:18,6.654,3.973,2.352,6.299,1.925,2.066,
2020-03-01 13:05:23,6.654,3.973,2.352,6.299,1.906,2.066,
2020-03-01 13:20:27,6.654,3.973,2.352,6.299,1.906,2.052,
2020-03-01 13:35:32,6.652,3.934,2.32,6.298,1.906,2.052,
2020-03-01 13:50:37,6.652,3.934,2.32,6.298,1.906,2.052,
2020-03-01 14:05:43,6.646,3.904,2.294,6.298,1.893,2.043,
2020-03-01 14:20:49,6.646,3.872,2.276,6.298,1.884,2.03,
2020-03-01 14:35:54,6.646,3.872,2.265,6.283,1.879,2.026,
2020-03-01 14:51:01,6.646,3.872,2.265,6.283,1.879,2.026,
2020-03-01 15:06:07,6.639,3.824,2.248,6.283,1.868,2.021,
2020-03-01 15:21:13,6.641,3.806,2.236,6.268,1.859,2.017,
2020-03-01 15:36:18,6.632,3.786,2.228,6.268,1.851,2.009,
2020-03-01 15:51:23,6.632,3.786,2.228,6.268,1.851,2.009,
2020-03-01 16:06:28,6.632,3.786,2.228,6.268,1.851,2.009,
2020-03-01 16:21:32,6.631,3.738,2.206,6.268,1.835,1.994,
2020-03-01 16:36:37,6.631,3.738,2.206,6.262,1.835,1.994,
2020-03-01 16:51:43,6.631,3.738,2.206,6.262,1.835,1.994,
2020-03-01 17:06:48,6.631,3.738,2.206,6.262,1.835,1.994,
2020-03-01 17:21:53,6.631,3.738,2.206,6.245,1.835,1.984,
2020-03-01 17:36:59,6.618,3.672,2.173,6.248,1.816,1.984,
2020-03-01 17:52:04,6.618,3.672,2.173,6.248,1.816,1.984,
2020-03-01 18:07:09,6.605,3.611,2.141,6.248,1.796,1.984,
2020-03-01 18:23:22,6.605,3.611,2.141,6.232,1.791,1.957,
2020-03-01 18:38:27,6.605,3.611,2.141,6.245,1.791,1.957,
2020-03-01 18:53:32,6.605,3.611,2.141,6.227,1.788,1.957,
